img,mask
JPCLN001.png,JPCLN001_mask.png
JPCLN002.png,JPCLN002_mask.png
JPCLN003.png,JPCLN003_mask.png
JPCLN004.png,JPCLN004_mask.png
JPCLN005.png,JPCLN005_mask.png
JPCLN006.png,JPCLN006_mask.png
JPCLN007.png,JPCLN007_mask.png
JPCLN008.png,JPCLN008_mask.png
JPCLN009.png,JPCLN009_mask.png
JPCLN010.png,JPCLN010_mask.png
JPCLN011.png,JPCLN011_mask.png
JPCLN012.png,JPCLN012_mask.png
JPCLN013.png,JPCLN013_mask.png
JPCLN014.png,JPCLN014_mask.png
JPCLN015.png,JPCLN015_mask.png
JPCLN016.png,JPCLN016_mask.png
JPCLN017.png,JPCLN017_mask.png
JPCLN018.png,JPCLN018_mask.png
JPCLN019.png,JPCLN019_mask.png
JPCLN020.png,JPCLN020_mask.png
JPCLN021.png,JPCLN021_mask.png
JPCLN022.png,JPCLN022_mask.png
JPCLN023.png,JPCLN023_mask.png
JPCLN024.png,JPCLN024_mask.png
JPCLN025.png,JPCLN025_mask.png
JPCLN026.png,JPCLN026_mask.png
JPCLN027.png,JPCLN027_mask.png
JPCLN028.png,JPCLN028_mask.png
JPCLN029.png,JPCLN029_mask.png
JPCLN030.png,JPCLN030_mask.png
JPCLN031.png,JPCLN031_mask.png
JPCLN032.png,JPCLN032_mask.png
JPCLN033.png,JPCLN033_mask.png
JPCLN034.png,JPCLN034_mask.png
JPCLN035.png,JPCLN035_mask.png
JPCLN036.png,JPCLN036_mask.png
JPCLN037.png,JPCLN037_mask.png
JPCLN038.png,JPCLN038_mask.png
JPCLN039.png,JPCLN039_mask.png
JPCLN040.png,JPCLN040_mask.png
JPCLN041.png,JPCLN041_mask.png
JPCLN042.png,JPCLN042_mask.png
JPCLN043.png,JPCLN043_mask.png
JPCLN044.png,JPCLN044_mask.png
JPCLN045.png,JPCLN045_mask.png
JPCLN046.png,JPCLN046_mask.png
JPCLN047.png,JPCLN047_mask.png
JPCLN048.png,JPCLN048_mask.png
JPCLN049.png,JPCLN049_mask.png
JPCLN050.png,JPCLN050_mask.png
JPCLN051.png,JPCLN051_mask.png
JPCLN052.png,JPCLN052_mask.png
JPCLN053.png,JPCLN053_mask.png
JPCLN054.png,JPCLN054_mask.png
JPCLN055.png,JPCLN055_mask.png
JPCLN056.png,JPCLN056_mask.png
JPCLN057.png,JPCLN057_mask.png
JPCLN058.png,JPCLN058_mask.png
JPCLN059.png,JPCLN059_mask.png
JPCLN060.png,JPCLN060_mask.png
JPCLN061.png,JPCLN061_mask.png
JPCLN062.png,JPCLN062_mask.png
JPCLN063.png,JPCLN063_mask.png
JPCLN064.png,JPCLN064_mask.png
JPCLN065.png,JPCLN065_mask.png
JPCLN066.png,JPCLN066_mask.png
JPCLN067.png,JPCLN067_mask.png
JPCLN068.png,JPCLN068_mask.png
JPCLN069.png,JPCLN069_mask.png
JPCLN070.png,JPCLN070_mask.png
JPCLN071.png,JPCLN071_mask.png
JPCLN072.png,JPCLN072_mask.png
JPCLN073.png,JPCLN073_mask.png
JPCLN074.png,JPCLN074_mask.png
JPCLN075.png,JPCLN075_mask.png
JPCLN076.png,JPCLN076_mask.png
JPCLN077.png,JPCLN077_mask.png
JPCLN078.png,JPCLN078_mask.png
JPCLN079.png,JPCLN079_mask.png
JPCLN080.png,JPCLN080_mask.png
JPCLN081.png,JPCLN081_mask.png
JPCLN082.png,JPCLN082_mask.png
JPCLN083.png,JPCLN083_mask.png
JPCLN084.png,JPCLN084_mask.png
JPCLN085.png,JPCLN085_mask.png
JPCLN086.png,JPCLN086_mask.png
JPCLN087.png,JPCLN087_mask.png
JPCLN088.png,JPCLN088_mask.png
JPCLN089.png,JPCLN089_mask.png
JPCLN090.png,JPCLN090_mask.png
JPCLN091.png,JPCLN091_mask.png
JPCLN092.png,JPCLN092_mask.png
JPCLN093.png,JPCLN093_mask.png
JPCLN094.png,JPCLN094_mask.png
JPCLN095.png,JPCLN095_mask.png
JPCLN096.png,JPCLN096_mask.png
JPCLN097.png,JPCLN097_mask.png
JPCLN098.png,JPCLN098_mask.png
JPCLN099.png,JPCLN099_mask.png
JPCLN100.png,JPCLN100_mask.png
JPCLN101.png,JPCLN101_mask.png
JPCLN102.png,JPCLN102_mask.png
JPCLN103.png,JPCLN103_mask.png
JPCLN104.png,JPCLN104_mask.png
JPCLN105.png,JPCLN105_mask.png
JPCLN106.png,JPCLN106_mask.png
JPCLN107.png,JPCLN107_mask.png
JPCLN108.png,JPCLN108_mask.png
JPCLN109.png,JPCLN109_mask.png
JPCLN110.png,JPCLN110_mask.png
JPCLN111.png,JPCLN111_mask.png
JPCLN112.png,JPCLN112_mask.png
JPCLN113.png,JPCLN113_mask.png
JPCLN114.png,JPCLN114_mask.png
JPCLN115.png,JPCLN115_mask.png
JPCLN116.png,JPCLN116_mask.png
JPCLN117.png,JPCLN117_mask.png
JPCLN118.png,JPCLN118_mask.png
JPCLN119.png,JPCLN119_mask.png
JPCLN120.png,JPCLN120_mask.png
JPCLN121.png,JPCLN121_mask.png
JPCLN122.png,JPCLN122_mask.png
JPCLN123.png,JPCLN123_mask.png
JPCLN124.png,JPCLN124_mask.png
JPCLN125.png,JPCLN125_mask.png
JPCLN126.png,JPCLN126_mask.png
JPCLN127.png,JPCLN127_mask.png
JPCLN128.png,JPCLN128_mask.png
JPCLN129.png,JPCLN129_mask.png
JPCLN130.png,JPCLN130_mask.png
JPCLN131.png,JPCLN131_mask.png
JPCLN132.png,JPCLN132_mask.png
JPCLN133.png,JPCLN133_mask.png
JPCLN134.png,JPCLN134_mask.png
JPCLN135.png,JPCLN135_mask.png
JPCLN136.png,JPCLN136_mask.png
JPCLN137.png,JPCLN137_mask.png
JPCLN138.png,JPCLN138_mask.png
JPCLN139.png,JPCLN139_mask.png
JPCLN140.png,JPCLN140_mask.png
JPCLN141.png,JPCLN141_mask.png
JPCLN142.png,JPCLN142_mask.png
JPCLN143.png,JPCLN143_mask.png
JPCLN144.png,JPCLN144_mask.png
JPCLN145.png,JPCLN145_mask.png
JPCLN146.png,JPCLN146_mask.png
JPCLN147.png,JPCLN147_mask.png
JPCLN148.png,JPCLN148_mask.png
JPCLN149.png,JPCLN149_mask.png
JPCLN150.png,JPCLN150_mask.png
JPCLN151.png,JPCLN151_mask.png
JPCLN152.png,JPCLN152_mask.png
JPCLN153.png,JPCLN153_mask.png
JPCLN154.png,JPCLN154_mask.png
JPCNN001.png,JPCNN001_mask.png
JPCNN002.png,JPCNN002_mask.png
JPCNN003.png,JPCNN003_mask.png
JPCNN004.png,JPCNN004_mask.png
JPCNN005.png,JPCNN005_mask.png
JPCNN006.png,JPCNN006_mask.png
JPCNN007.png,JPCNN007_mask.png
JPCNN008.png,JPCNN008_mask.png
JPCNN009.png,JPCNN009_mask.png
JPCNN010.png,JPCNN010_mask.png
JPCNN011.png,JPCNN011_mask.png
JPCNN012.png,JPCNN012_mask.png
JPCNN013.png,JPCNN013_mask.png
JPCNN014.png,JPCNN014_mask.png
JPCNN015.png,JPCNN015_mask.png
JPCNN016.png,JPCNN016_mask.png
JPCNN017.png,JPCNN017_mask.png
JPCNN018.png,JPCNN018_mask.png
JPCNN019.png,JPCNN019_mask.png
JPCNN020.png,JPCNN020_mask.png
JPCNN021.png,JPCNN021_mask.png
JPCNN022.png,JPCNN022_mask.png
JPCNN023.png,JPCNN023_mask.png
JPCNN024.png,JPCNN024_mask.png
JPCNN025.png,JPCNN025_mask.png
JPCNN026.png,JPCNN026_mask.png
JPCNN027.png,JPCNN027_mask.png
JPCNN028.png,JPCNN028_mask.png
JPCNN029.png,JPCNN029_mask.png
JPCNN030.png,JPCNN030_mask.png
JPCNN031.png,JPCNN031_mask.png
JPCNN032.png,JPCNN032_mask.png
JPCNN033.png,JPCNN033_mask.png
JPCNN034.png,JPCNN034_mask.png
JPCNN035.png,JPCNN035_mask.png
JPCNN036.png,JPCNN036_mask.png
JPCNN037.png,JPCNN037_mask.png
JPCNN038.png,JPCNN038_mask.png
JPCNN039.png,JPCNN039_mask.png
JPCNN040.png,JPCNN040_mask.png
JPCNN041.png,JPCNN041_mask.png
JPCNN042.png,JPCNN042_mask.png
JPCNN043.png,JPCNN043_mask.png
JPCNN044.png,JPCNN044_mask.png
JPCNN045.png,JPCNN045_mask.png
JPCNN046.png,JPCNN046_mask.png
JPCNN047.png,JPCNN047_mask.png
JPCNN048.png,JPCNN048_mask.png
JPCNN049.png,JPCNN049_mask.png
JPCNN050.png,JPCNN050_mask.png
JPCNN051.png,JPCNN051_mask.png
JPCNN052.png,JPCNN052_mask.png
JPCNN053.png,JPCNN053_mask.png
JPCNN054.png,JPCNN054_mask.png
JPCNN055.png,JPCNN055_mask.png
JPCNN056.png,JPCNN056_mask.png
JPCNN057.png,JPCNN057_mask.png
JPCNN058.png,JPCNN058_mask.png
JPCNN059.png,JPCNN059_mask.png
JPCNN060.png,JPCNN060_mask.png
JPCNN061.png,JPCNN061_mask.png
JPCNN062.png,JPCNN062_mask.png
JPCNN063.png,JPCNN063_mask.png
JPCNN064.png,JPCNN064_mask.png
JPCNN065.png,JPCNN065_mask.png
JPCNN066.png,JPCNN066_mask.png
JPCNN067.png,JPCNN067_mask.png
JPCNN068.png,JPCNN068_mask.png
JPCNN069.png,JPCNN069_mask.png
JPCNN070.png,JPCNN070_mask.png
JPCNN071.png,JPCNN071_mask.png
JPCNN072.png,JPCNN072_mask.png
JPCNN073.png,JPCNN073_mask.png
JPCNN074.png,JPCNN074_mask.png
JPCNN075.png,JPCNN075_mask.png
JPCNN076.png,JPCNN076_mask.png
JPCNN077.png,JPCNN077_mask.png
JPCNN078.png,JPCNN078_mask.png
JPCNN079.png,JPCNN079_mask.png
JPCNN080.png,JPCNN080_mask.png
JPCNN081.png,JPCNN081_mask.png
JPCNN082.png,JPCNN082_mask.png
JPCNN083.png,JPCNN083_mask.png
JPCNN084.png,JPCNN084_mask.png
JPCNN085.png,JPCNN085_mask.png
JPCNN086.png,JPCNN086_mask.png
JPCNN087.png,JPCNN087_mask.png
JPCNN088.png,JPCNN088_mask.png
JPCNN089.png,JPCNN089_mask.png
JPCNN090.png,JPCNN090_mask.png
JPCNN091.png,JPCNN091_mask.png
JPCNN092.png,JPCNN092_mask.png
JPCNN093.png,JPCNN093_mask.png
